~id,~label,first_name,last_name,date
885ea628-734c-452f-9fa8-9cfc14d9d0ff,CEO,Clifford,Henry,06/30/1998
5cbb902d-cd28-40fb-a76d-b6d1000958af,software_developer,Tanner,Richard,08/24/1990
6587c6e1-b47f-45d5-ab12-3b3b6a21aa22,CEO,Kristin,Lee,01/22/2003
d850ca45-5f8a-45a2-aec7-591ecff6e2db,software_developer,Faith,Chavez,06/17/2001
83fec46d-4205-4456-ae57-8ce17d4188b2,surgeon,Scott,Jones,01/29/2010
07912ae1-39e4-4003-9a8b-338d9d05e64a,driver,Jacob,Gordon,04/13/2004
098d606b-efb4-4107-adab-ef560ae4c865,nurse,Diana,Gordon,04/13/2014
f29ee236-a728-45b3-b1ee-c26d05d07f35,software_developer,James,Brown,11/08/2013
c6315aa0-5d65-4094-a5ad-a5f956d0d46a,nurse,Emily,Lane,06/02/2012
57da8a5d-04a4-4356-9446-3dc53eb0e8de,software_developer,Tammie,Brandt,04/28/2005
4f794fa0-dae3-4f25-945f-3ee91203dc3b,pilot,Robert,Sherman,02/16/2022
035cfd65-ec83-4b8f-a537-5a6e249256b4,driver,Heather,Ingram,11/13/2005
2713b9b8-ebe0-4a1c-a94f-a97d98ef4046,software_developer,Lindsey,Mclean,09/28/2008
8f73edb5-52a0-4caa-9ce3-2069f3ec1487,software_developer,Anthony,Shepherd,11/22/2014
4c5d95ff-8dc2-4f6c-b225-d75d19605a24,CEO,Amanda,Meyer,02/28/2017
45ef6fd7-081a-415f-aed5-23f547df99d3,real_estate_agent,Terry,Smith,11/25/2014
79f3364c-e2d5-4177-b6d5-e384105e11ae,nurse,Christopher,Williams,11/23/2000
c9632b3f-cec2-47b1-9aa7-166df50232ee,pilot,Crystal,Tanner,04/08/1998
3ecd9bde-4491-4196-a486-f3fd3f6d4758,driver,Tanya,Taylor,07/08/2000
63c84abf-e140-4cae-a3a0-0e190499457f,pilot,Tony,Torres,05/01/2018
24492e78-c91f-4f98-805f-2fba37e97282,nurse,Carol,Cook,02/06/2015
73240afe-ba65-4e45-a03b-cf44fbc219a1,company_owner,Cheryl,Walker,07/07/2009
c23d9cf4-f96f-4774-af9b-1a5493553d69,real_estate_agent,Jennifer,Thompson,04/27/2017
b591ec13-edab-46e5-9d0b-448ab724097a,nurse,Allen,Obrien,05/17/1996
aca0235b-3226-4422-86b4-e57bb57433c6,janitor,Elizabeth,Stewart,10/02/2006
7d9b00a9-ea95-46b6-a158-f569a07fb8c5,driver,Dylan,Davis,10/28/1992
318a89c9-75b5-4cd1-bbc3-e527c7a7c80e,software_developer,Jessica,Small,07/09/2000
54a5488e-e637-427e-b3ab-fb402d81d473,teacher,Sharon,Hawkins,10/10/2017
b6b80a32-9b32-49a6-8ae8-1d4f44221607,driver,Donald,Brown,01/23/2017
a5b46f13-2c14-4247-a40e-04866cac539e,janitor,James,Nelson,01/14/2007
8dfbe8cb-f0a6-4495-93a8-d4b970a86a71,teacher,Martin,Baker,05/16/2014
abb15320-f72f-419d-b5ee-334d622c68aa,nurse,Corey,Jordan,11/07/2003
470e5906-e5c8-4132-8cc8-975bf0ea217a,driver,Paul,Stewart,09/02/2008
2bd2c349-29fb-4520-8c6c-71532a3434d5,software_developer,Ashlee,Moore,02/13/2008
1a49e6d4-58f9-44d3-9c04-6a670d8e2760,real_estate_agent,Suzanne,Diaz,07/06/1990
411f2a0c-4b9a-471a-889f-adc2fbe0817e,teacher,Joshua,Wallace,11/08/2006
36227ade-892f-4e34-8c6a-077cbb58ddfc,CEO,Katie,Gallagher,07/30/2008
ebecdfdc-b3f4-455c-831b-30e4ee817b23,software_developer,Ariel,Howard,04/10/1999
7e17c146-9d47-4295-9dcf-ab18da32b6bc,CEO,Casey,Alexander,07/18/1997
bb9c830e-5f49-4698-9abe-260c9641ad37,janitor,Susan,Alexander,04/12/2017
ea2cc7d8-065a-46e6-a69a-6d08128065d4,real_estate_agent,Robert,Wilson,08/03/1999
472c3e80-ee8a-4fa3-98cc-0fbd5c6da294,software_developer,Sarah,Anderson,01/11/2008
f4331196-0c50-4a58-ad3f-55f77a97e926,teacher,Larry,Phillips,11/27/1993
64258de1-3016-4bfe-aea5-fc542c942f71,driver,Antonio,Mendez,10/03/1993
ccf80d00-c517-4839-bcc9-aef941cf671a,CEO,Hannah,Peterson,06/03/2021
50338ddd-2dc4-450e-8459-5891886b412d,CEO,Carolyn,Schwartz,05/01/2010
7f1c70ab-274c-423f-bf08-e091d7b701c6,nurse,Dylan,Parsons,05/01/2023
3f4c3575-25ae-423f-a05d-ff112d588af2,driver,Charlotte,Collins,04/21/2019
d233e8c1-8c66-4aae-b16f-bde31461ef11,company_owner,Gloria,Hardin,07/12/2001
fb115ea7-8f08-4a6a-8aba-e83a39519216,teacher,Robert,Jimenez,05/31/1993
3f6eba4c-596b-4672-aad7-d2b104d25e25,surgeon,Gregory,Wilson,11/27/1998
5cb0841b-7ac5-47d0-8553-98a8e0a29da0,teacher,Andrea,Floyd,12/07/1996
fdf37be3-cf25-4b64-8060-c5f7a1a1c82e,software_developer,Matthew,Vasquez,10/01/1995
bb1fd5d1-01f6-4d63-846c-7ee022ead0fa,teacher,Kristen,Tanner,10/11/2006
12e43a04-5377-4135-a9c7-6232ab98d380,nurse,Linda,Ball,12/09/2007
ee138267-da0a-40d5-bc99-3354bde33c19,nurse,Marvin,Holden,03/22/2006
efa6755b-5f58-4fe1-9805-601c8bdced76,driver,Pamela,Morgan,11/22/1994
7a493c0d-60db-4bdc-bd2b-efbbda2d8b29,surgeon,Michelle,Lee,06/05/1995
59d637d1-a1f9-4f83-98a2-ac62c86abbbf,company_owner,Christopher,Villegas,02/24/1992
e67ab4dc-fc10-48d4-9f1b-ca1cdce93b94,CEO,Christopher,Bradford,09/30/2007
65b48335-7d06-49bd-988d-b260bd979d47,pilot,Shannon,Sanchez,12/15/1998
5c67cd52-6c55-496c-9993-aa08c009ee80,pilot,William,Ruiz,07/13/2003
5e420ece-ce05-4f33-b126-9e7b7e38fdb3,company_owner,Angela,Black,11/11/1992
9bde7f53-b111-4395-9dc6-6cfddb832f38,pilot,Bradley,Sanchez,03/28/1996
a532e305-7c4b-416a-b4ca-7b2013d47c05,real_estate_agent,Erica,Ramirez,06/25/2022
58bba927-f52a-49bd-a27d-7deff462ff74,company_owner,Philip,Goodman,09/10/1998
706f5bc4-616c-4617-901d-5588f4733aee,real_estate_agent,Alicia,Bruce,04/23/2015
e4a0cc2f-67a4-4653-8c03-65d44dae6366,nurse,Anthony,Anderson,07/04/1996
c38e0699-df33-4b15-9a8c-057aaa82cf70,pilot,Kirk,Martin,04/11/2001
1da00efe-51f7-45d9-9596-abf42f6f8173,pilot,Christina,Watkins,02/23/1993
78b302cb-53c7-48b6-9715-3654639b6557,surgeon,Aaron,Brown,01/10/2020
c3353fcf-d529-438c-ae30-fdf167c0779b,pilot,Tammy,Blankenship,05/15/2007
a9883676-e605-4b93-8ade-644fcd7bed85,surgeon,James,Johns,02/24/1996
74e6265a-5a87-4cff-876c-7aff80f5fcd3,nurse,Holly,Flynn,04/23/2021
dae964ce-b0a3-49d1-a78a-684d2157dfe7,software_developer,Hannah,Jarvis,11/10/2008
5e74f18a-9632-4520-b32e-5d68be22fd36,real_estate_agent,Robert,Steele,09/27/2010
537c30b6-35aa-460e-af8a-8b92efcf6d6d,nurse,John,Turner,01/12/2009
b9134c34-6c2d-490c-a445-cf305742db54,pilot,Jean,Davis,11/14/2020
b628d90c-df53-436a-bd9f-dac63bc52fce,janitor,Kimberly,Gardner,09/13/2002
6c61a2fd-2a4e-4bec-a5a9-b252abbbfcd0,software_developer,Frances,Kelley,03/21/2005
66a89e18-e817-41db-bd94-0c1e53e670f4,software_developer,Virginia,Hawkins,07/01/2019
59e3cfc8-a2a6-4153-913a-bad5e0c050fb,CEO,Shannon,Terrell,06/05/1990
0458c660-306a-40c7-9f5f-74a3858405aa,software_developer,Caleb,Jones,09/19/1994
6335beda-937c-4523-9b58-5e168d94cb2e,real_estate_agent,George,Stewart,10/26/2001
ae202bbf-d14b-4925-a155-dc4944bea422,company_owner,Brianna,Tran,02/23/2009
bc4d5232-cf1c-4c28-af56-180ead4ea77a,teacher,Shawn,Rodriguez,04/11/2003
7b44fcdf-324d-4b1e-9c38-a257510fe362,nurse,Dustin,Caldwell,02/26/1990
21ebd3e5-3778-4e5b-b32d-a1c4119b0f11,teacher,Sally,Morrow,09/07/1994
4d8fa7e2-fd9f-4477-8944-71b31700180a,janitor,Emily,Bradley,08/06/2014
47091d34-a117-4b85-befa-502228c42f78,pilot,Deanna,Johnson,05/10/2011
703083af-8786-49f0-baef-1713dac6308e,teacher,Wesley,Butler,12/12/2020
baa2cbfa-3260-4800-bca5-837f8cd9aca7,janitor,Walter,Gibbs,06/30/2005
68c8e631-e2ea-43f8-9234-c6ccdc06869e,real_estate_agent,Amber,Brown,06/03/1993
ac4ef910-64bc-4f71-a017-569db398b3cd,pilot,Daniel,Robinson,10/09/1998
7db17139-a7c5-4557-8497-f0185c946503,software_developer,Marissa,Dyer,11/18/1998
2838fc0f-b3a0-45a9-9059-303c6f1a3027,real_estate_agent,Dakota,Jones,10/16/1997
21a27a5e-c9af-4078-b1b6-dae6ce3afc0a,real_estate_agent,Nicole,Lang,04/04/2009
363dca7b-1feb-4aed-85c4-9c1bb0fd02ab,janitor,Adrian,Williams,01/09/2008
73b932fc-bd93-4cb8-bee7-d13271364ac6,surgeon,Dominic,Williams,06/04/2016
eabfc00c-a007-495d-adca-e51bb9080181,CEO,Melissa,Figueroa,03/09/1997
